region,total_rev
North,95401.05000000006
South,96434.62000000002
West,95806.34999999998
